type,task,autosklearn,autoweka,constantpredictor,h2oautoml,randomforest,tpot,tunedrandomforest
binary,airlines,0.724606,0.690001,0.5,0.731617,0.660767,0.723175,0.661254
binary,albert,0.74173 (5),,0.5,0.762685 (1),0.738157,0.737768 (3),0.738316
multiclass,covertype,-0.104146,-3.8949,-1.20516,-0.162618,-0.161368,-0.107192,-0.161343
multiclass,dionis,-4.11994,-2.88266,-5.85739,-1.66178 (7),-1.07764,-1.36118 (9),-1.01648
