benchmark_id,fold,result,mode,timestap
test_1,0,0.9333333333333333,local,1533864398
test_1,1,1.0,local,1533864398
test_2,0,0.8490566037735849,local,1533864398
test_2,1,0.8301886792452831,local,1533864398
test_1,0,0.9333333333333333,aws,1533864841
test_1,1,1.0,aws,1533864841
test_2,0,0.8301886792452831,aws,1533864841
test_2,1,0.8113207547169812,aws,1533864841
